mysql> SELECT * FROM Users;
+---------+-----------+--------------------+---------------+--------+---------------------+
| user_id | username  | email              | password_hash | role   | created_at          |
+---------+-----------+--------------------+---------------+--------+---------------------+
|       1 | alice123  | alice@example.com  | hashed123     | owner  | 2025-06-20 02:57:05 |
|       2 | bobwalker | bob@example.com    | hashed456     | walker | 2025-06-20 02:58:31 |
|       3 | carol123  | carol@example.com  | hashed789     | owner  | 2025-06-20 02:59:31 |
|       4 | user04    | user04@example.com | user04hash    | walker | 2025-06-20 03:00:21 |
|       5 | user05    | user05@example.com | user05hash    | owner  | 2025-06-20 03:00:57 |
+---------+-----------+--------------------+---------------+--------+---------------------+
5 rows in set (0.03 sec)

+--------+----------+--------+--------+
| dog_id | owner_id | name   | size   |
+--------+----------+--------+--------+
|      1 |        1 | Max    | medium |
|      2 |        3 | Bella  | small  |
|      3 |        3 | Jack   | large  |
|      4 |        5 | Jackie | medium |
|      5 |        5 | Mel    | large  |
+--------+----------+--------+--------+
5 rows in set (0.01 sec)

SELECT * FROM WalkRequests;
+------------+--------+---------------------+------------------+---------------+-----------+---------------------+
| request_id | dog_id | requested_time      | duration_minutes | location      | status    | created_at          |
+------------+--------+---------------------+------------------+---------------+-----------+---------------------+
|          1 |      1 | 2025-06-10 08:00:00 |               30 | Parklands     | open      | 2025-06-20 03:29:22 |
|          2 |      2 | 2025-06-10 09:30:00 |               45 | Beachside Ave | accepted  | 2025-06-20 03:37:20 |
|          3 |      3 | 2025-06-20 09:45:00 |               15 | Woodville     | accepted  | 2025-06-20 03:38:55 |
|          4 |      5 | 2025-06-05 09:45:00 |               35 | Adelaide      | cancelled | 2025-06-20 03:40:34 |
|          5 |      4 | 2025-06-03 10:45:00 |               55 | Henly Beach   | completed | 2025-06-20 03:41:29 |
+------------+--------+---------------------+------------------+---------------+-----------+---------------------+
5 rows in set (0.02 sec)